feature,LightGBM,XGBoost,RandomForest,CatBoost
cpu,2196,0.0064030266,0.0010814843670699124,5.882200763828362
memory,907,0.05331286,1.670093988419514e-06,0.4709825133414019
duration,2522,0.9401171,0.9989168451253847,93.64536730601424
hour,375,0.00016695356,4.1355696748645316e-10,0.0014494168160021604
