metric,value,unit
RMSE,3.9989805702788706e-05,kWh
MAE,2.9079680387921995e-05,kWh
R2,0.9999503439638883,-
MAPE,2.135570908988142,%
