{
  "model": "Multi-Model Comparison",
  "dataset": "Google Cluster Trace 2019",
  "samples": {
    "total": 19523808,
    "train": 15619046,
    "test": 3904762
  },
  "features": [
    "cpu",
    "memory",
    "duration",
    "hour"
  ],
  "target": "energy_kwh",
  "best_model": "RandomForest",
  "models": [
    {
      "model": "LightGBM",
      "rmse": 3.4242021275246364e-05,
      "mae": 4.117853815292245e-06,
      "r2": 0.9999701904478333,
      "mape": 0.15196170923897837,
      "train_time": 41.60914659500122
    },
    {
      "model": "XGBoost",
      "rmse": 5.671439523243091e-05,
      "mae": 1.9202322489600505e-05,
      "r2": 0.999918224487074,
      "mape": 2.7828076119897474,
      "train_time": 65.59732437133789
    },
    {
      "model": "RandomForest",
      "rmse": 1.3783800563318723e-05,
      "mae": 7.633836822419335e-06,
      "r2": 0.9999951696941856,
      "mape": 0.06632352683270655,
      "train_time": 469.7786829471588
    },
    {
      "model": "CatBoost",
      "rmse": 4.313122484360308e-05,
      "mae": 1.0415133808832368e-05,
      "r2": 0.999952704453406,
      "mape": 0.78913471823384,
      "train_time": 77.64437675476074
    }
  ],
  "figures": [
    "model_comparison_metrics.png",
    "training_time_comparison.png",
    "feature_importance_heatmap.png",
    "feature_importance_by_model.png",
    "actual_vs_predicted_all_models.png",
    "error_distribution_all_models.png"
  ]
}